fips	postal	name	medianhouseholdincome	rate	region	lograte
"01001"	"AL"	"Autauga County"	53049	181.1	"SOUTH"	5.199049
"01003"	"AL"	"Baldwin County"	47618	188.1	"SOUTH"	5.236974
"01005"	"AL"	"Barbour County"	33074	388.1	"SOUTH"	5.961263
"01007"	"AL"	"Bibb County"	35472	106.7	"SOUTH"	4.670021
"01009"	"AL"	"Blount County"	42906	92.8	"SOUTH"	4.530447
"01011"	"AL"	"Bullock County"	25969	409.1	"SOUTH"	6.013959
"01013"	"AL"	"Butler County"	29500	219.8	"SOUTH"	5.392718
"01015"	"AL"	"Calhoun County"	37916	185.4	"SOUTH"	5.222516
"01017"	"AL"	"Chambers County"	30061	318.2	"SOUTH"	5.76268
"01019"	"AL"	"Cherokee County"	34410	119.8	"SOUTH"	4.785824
"01021"	"AL"	"Chilton County"	38553	98.7	"SOUTH"	4.592085
"01023"	"AL"	"Choctaw County"	32003	258	"SOUTH"	5.552959
"01025"	"AL"	"Clarke County"	33739	117.8	"SOUTH"	4.768988
"01027"	"AL"	"Clay County"	33035	143.7	"SOUTH"	4.967728
"01029"	"AL"	"Cleburne County"	37566	123.2	"SOUTH"	4.813809
"01031"	"AL"	"Coffee County"	40779	140.3	"SOUTH"	4.943783
"01033"	"AL"	"Colbert County"	37455	111.1	"SOUTH"	4.710431
"01035"	"AL"	"Conecuh County"	27855	280.5	"SOUTH"	5.636574
"01037"	"AL"	"Coosa County"	33721	132.7	"SOUTH"	4.888091
"01039"	"AL"	"Covington County"	33484	130.4	"SOUTH"	4.870606
"01041"	"AL"	"Crenshaw County"	35577	176.4	"SOUTH"	5.172754
"01043"	"AL"	"Cullman County"	37948	58.8	"SOUTH"	4.074142
"01045"	"AL"	"Dale County"	41287	317.3	"SOUTH"	5.759848
"01047"	"AL"	"Dallas County"	26195	362.5	"SOUTH"	5.893024
"01049"	"AL"	"DeKalb County"	34822	76.2	"SOUTH"	4.333362
"01051"	"AL"	"Elmore County"	51013	224.1	"SOUTH"	5.412092
"01053"	"AL"	"Escambia County"	31365	163	"SOUTH"	5.09375
"01055"	"AL"	"Etowah County"	36088	148	"SOUTH"	4.997212
"01057"	"AL"	"Fayette County"	32643	93.9	"SOUTH"	4.542231
"01059"	"AL"	"Franklin County"	33649	50.4	"SOUTH"	3.919991
"01061"	"AL"	"Geneva County"	34418	143.8	"SOUTH"	4.968423
"01063"	"AL"	"Greene County"	27117	242.8	"SOUTH"	5.492238
"01065"	"AL"	"Hale County"	31790	283.7	"SOUTH"	5.647917
"01067"	"AL"	"Henry County"	37851	172.6	"SOUTH"	5.150977
"01069"	"AL"	"Houston County"	39290	315.8	"SOUTH"	5.755109
"01071"	"AL"	"Jackson County"	36158	64.3	"SOUTH"	4.163559
"01073"	"AL"	"Jefferson County"	41740	592.9	"SOUTH"	6.385026
"01075"	"AL"	"Lamar County"	32993	89.6	"SOUTH"	4.495355
"01077"	"AL"	"Lauderdale County"	39213	60.2	"SOUTH"	4.097672
"01079"	"AL"	"Lawrence County"	37365	84.6	"SOUTH"	4.437934
"01081"	"AL"	"Lee County"	40102	170.3	"SOUTH"	5.137562
"01083"	"AL"	"Limestone County"	49667	161.6	"SOUTH"	5.085124
"01085"	"AL"	"Lowndes County"	28754	536.2	"SOUTH"	6.284507
"01087"	"AL"	"Macon County"	27041	549.1	"SOUTH"	6.30828
"01089"	"AL"	"Madison County"	54633	212.7	"SOUTH"	5.359883
"01091"	"AL"	"Marengo County"	33085	128.4	"SOUTH"	4.85515
"01093"	"AL"	"Marion County"	32080	106.8	"SOUTH"	4.670958
"01095"	"AL"	"Marshall County"	38859	103.6	"SOUTH"	4.640537
"01097"	"AL"	"Mobile County"	39753	519.7	"SOUTH"	6.253252
"01099"	"AL"	"Monroe County"	31744	168.1	"SOUTH"	5.124559
"01101"	"AL"	"Montgomery County"	41556	755.5	"SOUTH"	6.62738
"01103"	"AL"	"Morgan County"	44859	112.7	"SOUTH"	4.72473
"01105"	"AL"	"Perry County"	24742	320.9	"SOUTH"	5.77113
"01107"	"AL"	"Pickens County"	31032	174.5	"SOUTH"	5.161925
"01109"	"AL"	"Pike County"	32771	338.4	"SOUTH"	5.824229
"01111"	"AL"	"Randolph County"	32584	68.7	"SOUTH"	4.229749
"01113"	"AL"	"Russell County"	32733	375.3	"SOUTH"	5.927726
"01115"	"AL"	"St. Clair County"	48296	88.6	"SOUTH"	4.484132
"01117"	"AL"	"Shelby County"	67135	77.7	"SOUTH"	4.352855
"01119"	"AL"	"Sumter County"	25586	292.2	"SOUTH"	5.677439
"01121"	"AL"	"Talladega County"	35646	208.2	"SOUTH"	5.338499
"01123"	"AL"	"Tallapoosa County"	34440	161.5	"SOUTH"	5.084505
"01125"	"AL"	"Tuscaloosa County"	43098	217.1	"SOUTH"	5.380358
"01127"	"AL"	"Walker County"	36044	118.6	"SOUTH"	4.775756
"01129"	"AL"	"Washington County"	37639	71.7	"SOUTH"	4.272491
"01131"	"AL"	"Wilcox County"	21611	163.2	"SOUTH"	5.094976
"01133"	"AL"	"Winston County"	32574	49.4	"SOUTH"	3.899951
"05001"	"AR"	"Arkansas County"	38129	165.1	"SOUTH"	5.106551
"05003"	"AR"	"Ashley County"	37042	96.6	"SOUTH"	4.570579
"05005"	"AR"	"Baxter County"	34421	68.7	"SOUTH"	4.229749
"05007"	"AR"	"Benton County"	52417	99.9	"SOUTH"	4.60417
"05009"	"AR"	"Boone County"	35532	56.7	"SOUTH"	4.037774
"05011"	"AR"	"Bradley County"	31047	100.9	"SOUTH"	4.61413
"05013"	"AR"	"Calhoun County"	36955	98.2	"SOUTH"	4.587006
"05015"	"AR"	"Carroll County"	33789	130.7	"SOUTH"	4.872905
"05017"	"AR"	"Chicot County"	27321	252.1	"SOUTH"	5.529826
"05019"	"AR"	"Clark County"	33433	146	"SOUTH"	4.983607
"05021"	"AR"	"Clay County"	31976	42.6	"SOUTH"	3.751854
"05023"	"AR"	"Cleburne County"	35472	43.4	"SOUTH"	3.770459
"05025"	"AR"	"Cleveland County"	40402	140.2	"SOUTH"	4.94307
"05027"	"AR"	"Columbia County"	34538	137	"SOUTH"	4.919981
"05029"	"AR"	"Conway County"	37475	80.3	"SOUTH"	4.38577
"05031"	"AR"	"Craighead County"	37780	156.1	"SOUTH"	5.050497
"05033"	"AR"	"Crawford County"	39672	76.1	"SOUTH"	4.332048
"05035"	"AR"	"Crittenden County"	33938	570	"SOUTH"	6.345636
"05037"	"AR"	"Cross County"	35080	179.7	"SOUTH"	5.191289
"05041"	"AR"	"Desha County"	29586	120.2	"SOUTH"	4.789157
"05043"	"AR"	"Drew County"	34952	79.9	"SOUTH"	4.380776
"05045"	"AR"	"Faulkner County"	46199	90.6	"SOUTH"	4.506454
"05047"	"AR"	"Franklin County"	38514	91.2	"SOUTH"	4.513055
"05049"	"AR"	"Fulton County"	30191	48	"SOUTH"	3.871201
"05051"	"AR"	"Garland County"	36690	193.8	"SOUTH"	5.266827
"05053"	"AR"	"Grant County"	45347	72.4	"SOUTH"	4.282207
"05055"	"AR"	"Greene County"	36391	92	"SOUTH"	4.521789
"05057"	"AR"	"Hempstead County"	31786	145	"SOUTH"	4.976734
"05059"	"AR"	"Hot Spring County"	37243	81.9	"SOUTH"	4.405499
"05061"	"AR"	"Howard County"	32543	95.6	"SOUTH"	4.560173
"05063"	"AR"	"Independence County"	35888	100.7	"SOUTH"	4.612146
"05065"	"AR"	"Izard County"	29883	66.9	"SOUTH"	4.203199
"05067"	"AR"	"Jackson County"	30405	131	"SOUTH"	4.875197
"05069"	"AR"	"Jefferson County"	35092	588.9	"SOUTH"	6.378256
"05071"	"AR"	"Johnson County"	32326	27.5	"SOUTH"	3.314186
"05073"	"AR"	"Lafayette County"	29084	77.4	"SOUTH"	4.348987
"05077"	"AR"	"Lee County"	25944	267	"SOUTH"	5.587249
"05079"	"AR"	"Lincoln County"	35070	121.3	"SOUTH"	4.798267
"05081"	"AR"	"Little River County"	37260	125.1	"SOUTH"	4.829113
"05083"	"AR"	"Logan County"	36015	57.4	"SOUTH"	4.050045
"05085"	"AR"	"Lonoke County"	50021	57.3	"SOUTH"	4.048301
"05087"	"AR"	"Madison County"	34547	131.3	"SOUTH"	4.877485
"05089"	"AR"	"Marion County"	31438	32.5	"SOUTH"	3.48124
"05091"	"AR"	"Miller County"	37806	271.4	"SOUTH"	5.603594
"05093"	"AR"	"Mississippi County"	32169	234.8	"SOUTH"	5.458734
"05095"	"AR"	"Monroe County"	28637	345.1	"SOUTH"	5.843834
"05097"	"AR"	"Montgomery County"	32032	119.7	"SOUTH"	4.784988
"05099"	"AR"	"Nevada County"	32896	120.7	"SOUTH"	4.793308
"05101"	"AR"	"Newton County"	30965	135.3	"SOUTH"	4.907495
"05103"	"AR"	"Ouachita County"	35971	207.4	"SOUTH"	5.334649
"05107"	"AR"	"Phillips County"	26933	362.3	"SOUTH"	5.892473
"05111"	"AR"	"Poinsett County"	32130	82.3	"SOUTH"	4.410371
"05113"	"AR"	"Polk County"	29938	80	"SOUTH"	4.382027
"05115"	"AR"	"Pope County"	39040	88	"SOUTH"	4.477337
"05117"	"AR"	"Prairie County"	36898	62.4	"SOUTH"	4.133565
"05119"	"AR"	"Pulaski County"	44733	484.8	"SOUTH"	6.183736
"05121"	"AR"	"Randolph County"	33401	59.5	"SOUTH"	4.085976
"05123"	"AR"	"St. Francis County"	29825	285.7	"SOUTH"	5.654943
"05125"	"AR"	"Saline County"	53430	46.2	"SOUTH"	3.83298
"05127"	"AR"	"Scott County"	29633	52.8	"SOUTH"	3.966511
"05129"	"AR"	"Searcy County"	27896	69.8	"SOUTH"	4.245634
"05131"	"AR"	"Sebastian County"	38724	195.4	"SOUTH"	5.275049
"05135"	"AR"	"Sharp County"	28933	67.3	"SOUTH"	4.20916
"05137"	"AR"	"Stone County"	29182	56.3	"SOUTH"	4.030694
"05139"	"AR"	"Union County"	36934	384.5	"SOUTH"	5.951944
"05141"	"AR"	"Van Buren County"	32142	47.4	"SOUTH"	3.858622
"05143"	"AR"	"Washington County"	39692	187.3	"SOUTH"	5.232712
"05145"	"AR"	"White County"	39974	86.9	"SOUTH"	4.464758
"05149"	"AR"	"Yell County"	33522	74.2	"SOUTH"	4.306764
"09001"	"CT"	"Fairfield County"	74634	375.4	"NORTH"	5.927992
"09003"	"CT"	"Hartford County"	60028	434.5	"NORTH"	6.074196
"09005"	"CT"	"Litchfield County"	66076	119.7	"NORTH"	4.784988
"09007"	"CT"	"Middlesex County"	70805	177.7	"NORTH"	5.180097
"09009"	"CT"	"New Haven County"	57070	452.1	"NORTH"	6.113904
"09011"	"CT"	"New London County"	61792	231.8	"NORTH"	5.445875
"09013"	"CT"	"Tolland County"	74868	92.9	"NORTH"	4.531524
"09015"	"CT"	"Windham County"	56564	206.3	"NORTH"	5.329331
"13001"	"GA"	"Appling County"	36601	105.3	"SOUTH"	4.656814
"13003"	"GA"	"Atkinson County"	28579	256.5	"SOUTH"	5.547129
"13005"	"GA"	"Bacon County"	31692	374.2	"SOUTH"	5.92479
"13007"	"GA"	"Baker County"	33950	1356.2	"SOUTH"	7.212442
"13009"	"GA"	"Baldwin County"	36091	594.6	"SOUTH"	6.387889
"13011"	"GA"	"Banks County"	42196	271.7	"SOUTH"	5.604699
"13013"	"GA"	"Barrow County"	52391	133.8	"SOUTH"	4.896346
"13015"	"GA"	"Bartow County"	43825	189.5	"SOUTH"	5.244389
"13017"	"GA"	"Ben Hill County"	29910	285.2	"SOUTH"	5.653191
"13019"	"GA"	"Berrien County"	32859	271.5	"SOUTH"	5.603962
"13021"	"GA"	"Bibb County"	36220	718.2	"SOUTH"	6.576748
"13023"	"GA"	"Bleckley County"	38513	361.6	"SOUTH"	5.890539
"13025"	"GA"	"Brantley County"	35732	155.1	"SOUTH"	5.04407
"13027"	"GA"	"Brooks County"	32067	782.5	"SOUTH"	6.662494
"13029"	"GA"	"Bryan County"	65478	112	"SOUTH"	4.718499
"13031"	"GA"	"Bulloch County"	31943	290.3	"SOUTH"	5.670915
"13033"	"GA"	"Burke County"	30688	540.8	"SOUTH"	6.293049
"13035"	"GA"	"Butts County"	43777	1231.2	"SOUTH"	7.115745
"13037"	"GA"	"Calhoun County"	28618	1049.9	"SOUTH"	6.95645
"13039"	"GA"	"Camden County"	48967	196.1	"SOUTH"	5.278625
"13043"	"GA"	"Candler County"	30496	191.5	"SOUTH"	5.254888
"13045"	"GA"	"Carroll County"	45242	224.1	"SOUTH"	5.412092
"13047"	"GA"	"Catoosa County"	47337	121.1	"SOUTH"	4.796617
"13049"	"GA"	"Charlton County"	32316	133.9	"SOUTH"	4.897093
"13051"	"GA"	"Chatham County"	42728	631.1	"SOUTH"	6.447464
"13053"	"GA"	"Chattahoochee County"	46292	137.2	"SOUTH"	4.92144
"13055"	"GA"	"Chattooga County"	33990	243.6	"SOUTH"	5.495528
"13057"	"GA"	"Cherokee County"	63520	142.6	"SOUTH"	4.960043
"13059"	"GA"	"Clarke County"	34000	288.7	"SOUTH"	5.665388
"13061"	"GA"	"Clay County"	27080	407.2	"SOUTH"	6.009305
"13063"	"GA"	"Clayton County"	36595	716.1	"SOUTH"	6.57382
"13065"	"GA"	"Clinch County"	30428	560.3	"SOUTH"	6.328472
"13067"	"GA"	"Cobb County"	59471	301	"SOUTH"	5.70711
"13069"	"GA"	"Coffee County"	33527	261.7	"SOUTH"	5.567199
"13071"	"GA"	"Colquitt County"	32010	264.8	"SOUTH"	5.578975
"13073"	"GA"	"Columbia County"	64435	182.1	"SOUTH"	5.204556
"13075"	"GA"	"Cook County"	32244	183.2	"SOUTH"	5.210578
"13077"	"GA"	"Coweta County"	56407	138.7	"SOUTH"	4.932313
"13079"	"GA"	"Crawford County"	41593	366.7	"SOUTH"	5.904544
"13081"	"GA"	"Crisp County"	35232	528.2	"SOUTH"	6.269475
"13083"	"GA"	"Dade County"	40161	93	"SOUTH"	4.532599
"13085"	"GA"	"Dawson County"	51127	80.7	"SOUTH"	4.390738
"13087"	"GA"	"Decatur County"	33288	410.4	"SOUTH"	6.017132
"13089"	"GA"	"DeKalb County"	47068	1080.4	"SOUTH"	6.985086
"13091"	"GA"	"Dodge County"	33731	315.8	"SOUTH"	5.755109
"13093"	"GA"	"Dooly County"	32216	514	"SOUTH"	6.242223
"13095"	"GA"	"Dougherty County"	31200	685.4	"SOUTH"	6.530003
"13097"	"GA"	"Douglas County"	52887	150.5	"SOUTH"	5.013963
"13099"	"GA"	"Early County"	30572	188.2	"SOUTH"	5.237505
"13101"	"GA"	"Echols County"	32674	160.6	"SOUTH"	5.078917
"13103"	"GA"	"Effingham County"	60017	76.2	"SOUTH"	4.333362
"13105"	"GA"	"Elbert County"	32888	183.1	"SOUTH"	5.210032
"13107"	"GA"	"Emanuel County"	30985	370.4	"SOUTH"	5.914584
"13109"	"GA"	"Evans County"	32427	482.2	"SOUTH"	6.178359
"13111"	"GA"	"Fannin County"	33253	75.9	"SOUTH"	4.329417
"13113"	"GA"	"Fayette County"	79276	143.1	"SOUTH"	4.963544
"13115"	"GA"	"Floyd County"	38289	181.6	"SOUTH"	5.201807
"13117"	"GA"	"Forsyth County"	81629	49.3	"SOUTH"	3.897924
"13119"	"GA"	"Franklin County"	36109	103.2	"SOUTH"	4.636669
"13121"	"GA"	"Fulton County"	53580	1268.7	"SOUTH"	7.145748
"13123"	"GA"	"Gilmer County"	39710	76.6	"SOUTH"	4.338597
"13125"	"GA"	"Glascock County"	36433	199.6	"SOUTH"	5.296315
"13127"	"GA"	"Glynn County"	42993	369.6	"SOUTH"	5.912421
"13129"	"GA"	"Gordon County"	40656	66.2	"SOUTH"	4.19268
"13131"	"GA"	"Grady County"	31297	364	"SOUTH"	5.897154
"13133"	"GA"	"Greene County"	36001	161	"SOUTH"	5.081404
"13135"	"GA"	"Gwinnett County"	57848	195.3	"SOUTH"	5.274537
"13137"	"GA"	"Habersham County"	40316	67.9	"SOUTH"	4.218036
"13139"	"GA"	"Hall County"	47238	91.2	"SOUTH"	4.513055
"13141"	"GA"	"Hancock County"	23887	218.9	"SOUTH"	5.388615
"13143"	"GA"	"Haralson County"	39046	109.9	"SOUTH"	4.699571
"13145"	"GA"	"Harris County"	62264	149.4	"SOUTH"	5.006627
"13147"	"GA"	"Hart County"	33753	139.3	"SOUTH"	4.93663
"13149"	"GA"	"Heard County"	39614	126.5	"SOUTH"	4.840242
"13151"	"GA"	"Henry County"	59371	103.2	"SOUTH"	4.636669
"13153"	"GA"	"Houston County"	54977	150.3	"SOUTH"	5.012633
"13155"	"GA"	"Irwin County"	32859	220.1	"SOUTH"	5.394082
"13157"	"GA"	"Jackson County"	50409	87.6	"SOUTH"	4.472781
"13159"	"GA"	"Jasper County"	43443	402.4	"SOUTH"	5.997447
"13161"	"GA"	"Jeff Davis County"	32380	224.6	"SOUTH"	5.414321
"13163"	"GA"	"Jefferson County"	29683	274	"SOUTH"	5.613128
"13165"	"GA"	"Jenkins County"	27682	258.2	"SOUTH"	5.553734
"13167"	"GA"	"Johnson County"	28332	419.2	"SOUTH"	6.038348
"13169"	"GA"	"Jones County"	52215	66.3	"SOUTH"	4.19419
"13171"	"GA"	"Lamar County"	40001	120.3	"SOUTH"	4.789989
"13173"	"GA"	"Lanier County"	33430	133	"SOUTH"	4.890349
"13175"	"GA"	"Laurens County"	36568	414.1	"SOUTH"	6.026107
"13177"	"GA"	"Lee County"	61489	92.9	"SOUTH"	4.531524
"13179"	"GA"	"Liberty County"	39697	243.1	"SOUTH"	5.493473
"13181"	"GA"	"Lincoln County"	35201	153	"SOUTH"	5.030438
"13183"	"GA"	"Long County"	38243	41.1	"SOUTH"	3.716008
"13185"	"GA"	"Lowndes County"	36486	437	"SOUTH"	6.079933
"13187"	"GA"	"Lumpkin County"	44309	62.5	"SOUTH"	4.135167
"13189"	"GA"	"McDuffie County"	36559	150.1	"SOUTH"	5.011302
"13191"	"GA"	"McIntosh County"	35681	299.6	"SOUTH"	5.702448
"13193"	"GA"	"Macon County"	27324	458.1	"SOUTH"	6.127088
"13195"	"GA"	"Madison County"	41267	51.9	"SOUTH"	3.949319
"13197"	"GA"	"Marion County"	33534	139.6	"SOUTH"	4.938781
"13199"	"GA"	"Meriwether County"	35287	220.8	"SOUTH"	5.397257
"13201"	"GA"	"Miller County"	32015	90.7	"SOUTH"	4.507557
"13205"	"GA"	"Mitchell County"	31094	410.7	"SOUTH"	6.017863
"13207"	"GA"	"Monroe County"	49839	83.5	"SOUTH"	4.424847
"13209"	"GA"	"Montgomery County"	35133	92.6	"SOUTH"	4.528289
"13211"	"GA"	"Morgan County"	45804	131.4	"SOUTH"	4.878246
"13213"	"GA"	"Murray County"	39911	56.6	"SOUTH"	4.036009
"13215"	"GA"	"Muscogee County"	36359	487.6	"SOUTH"	6.189496
"13217"	"GA"	"Newton County"	48989	172.4	"SOUTH"	5.149817
"13219"	"GA"	"Oconee County"	76298	32.8	"SOUTH"	3.490428
"13221"	"GA"	"Oglethorpe County"	40936	71.4	"SOUTH"	4.268298
"13223"	"GA"	"Paulding County"	61496	36.8	"SOUTH"	3.605498
"13225"	"GA"	"Peach County"	38024	204.4	"SOUTH"	5.320079
"13227"	"GA"	"Pickens County"	48532	46.4	"SOUTH"	3.837299
"13229"	"GA"	"Pierce County"	37262	108.3	"SOUTH"	4.684905
"13231"	"GA"	"Pike County"	52411	38.6	"SOUTH"	3.653252
"13233"	"GA"	"Polk County"	36468	65.3	"SOUTH"	4.178992
"13235"	"GA"	"Pulaski County"	36665	195.7	"SOUTH"	5.276583
"13237"	"GA"	"Putnam County"	40037	42.4	"SOUTH"	3.747148
"13239"	"GA"	"Quitman County"	28102	447.4	"SOUTH"	6.103453
"13241"	"GA"	"Rabun County"	37990	51.3	"SOUTH"	3.937691
"13243"	"GA"	"Randolph County"	26863	209.8	"SOUTH"	5.346155
"13245"	"GA"	"Richmond County"	37866	640.4	"SOUTH"	6.462093
"13247"	"GA"	"Rockdale County"	53899	117.5	"SOUTH"	4.766438
"13251"	"GA"	"Screven County"	30925	216.6	"SOUTH"	5.378052
"13253"	"GA"	"Seminole County"	30604	178.7	"SOUTH"	5.185709
"13255"	"GA"	"Spalding County"	38451	133	"SOUTH"	4.890349
"13257"	"GA"	"Stephens County"	34445	54.1	"SOUTH"	3.990834
"13259"	"GA"	"Stewart County"	26659	221.4	"SOUTH"	5.399971
"13261"	"GA"	"Sumter County"	31871	271.5	"SOUTH"	5.603962
"13263"	"GA"	"Talbot County"	29933	257.5	"SOUTH"	5.55102
"13267"	"GA"	"Tattnall County"	35039	229.8	"SOUTH"	5.437209
"13269"	"GA"	"Taylor County"	30748	227.6	"SOUTH"	5.42759
"13271"	"GA"	"Telfair County"	28414	281.6	"SOUTH"	5.640488
"13273"	"GA"	"Terrell County"	31143	344.8	"SOUTH"	5.842965
"13275"	"GA"	"Thomas County"	35539	215	"SOUTH"	5.370638
"13277"	"GA"	"Tift County"	34702	280.3	"SOUTH"	5.63586
"13279"	"GA"	"Toombs County"	32002	187.4	"SOUTH"	5.233245
"13283"	"GA"	"Treutlen County"	30809	210.9	"SOUTH"	5.351384
"13285"	"GA"	"Troup County"	39422	162.9	"SOUTH"	5.093136
"13287"	"GA"	"Turner County"	26845	303.5	"SOUTH"	5.715382
"13289"	"GA"	"Twiggs County"	35232	125.8	"SOUTH"	4.834693
"13291"	"GA"	"Union County"	37540	48.5	"SOUTH"	3.881564
"13293"	"GA"	"Upson County"	33461	148.4	"SOUTH"	4.999911
"13295"	"GA"	"Walker County"	36854	118.9	"SOUTH"	4.778283
"13297"	"GA"	"Walton County"	51913	102.2	"SOUTH"	4.626932
"13299"	"GA"	"Ware County"	33176	432.4	"SOUTH"	6.069351
"13301"	"GA"	"Warren County"	29764	159.5	"SOUTH"	5.072044
"13303"	"GA"	"Washington County"	33199	226.3	"SOUTH"	5.421862
"13305"	"GA"	"Wayne County"	36562	253.2	"SOUTH"	5.53418
"13309"	"GA"	"Wheeler County"	29834	337.3	"SOUTH"	5.820973
"13313"	"GA"	"Whitfield County"	40117	139.4	"SOUTH"	4.937347
"13315"	"GA"	"Wilcox County"	31442	680	"SOUTH"	6.522093
"13317"	"GA"	"Wilkes County"	30451	175.7	"SOUTH"	5.168778
"13319"	"GA"	"Wilkinson County"	35530	163.4	"SOUTH"	5.096201
"13321"	"GA"	"Worth County"	37436	157.8	"SOUTH"	5.061328
"22001"	"LA"	"Acadia Parish"	36814	173.7	"SOUTH"	5.15733
"22003"	"LA"	"Allen Parish"	35711	550.3	"SOUTH"	6.310463
"22005"	"LA"	"Ascension Parish"	62069	178.3	"SOUTH"	5.183467
"22007"	"LA"	"Assumption Parish"	43503	92.9	"SOUTH"	4.531524
"22009"	"LA"	"Avoyelles Parish"	31523	354.7	"SOUTH"	5.871273
"22011"	"LA"	"Beauregard Parish"	43672	127.7	"SOUTH"	4.849684
"22013"	"LA"	"Bienville Parish"	31421	239.4	"SOUTH"	5.478136
"22015"	"LA"	"Bossier Parish"	48957	136.1	"SOUTH"	4.91339
"22017"	"LA"	"Caddo Parish"	37739	369.5	"SOUTH"	5.912151
"22019"	"LA"	"Calcasieu Parish"	40928	325.4	"SOUTH"	5.785055
"22021"	"LA"	"Caldwell Parish"	34855	151.2	"SOUTH"	5.018603
"22025"	"LA"	"Catahoula Parish"	31325	208.6	"SOUTH"	5.340418
"22027"	"LA"	"Claiborne Parish"	34274	376	"SOUTH"	5.929589
"22029"	"LA"	"Concordia Parish"	29891	245.3	"SOUTH"	5.502482
"22031"	"LA"	"De Soto Parish"	37379	160.4	"SOUTH"	5.077671
"22033"	"LA"	"East Baton Rouge Parish"	44911	851	"SOUTH"	6.746412
"22035"	"LA"	"East Carroll Parish"	25442	661.3	"SOUTH"	6.494207
"22037"	"LA"	"East Feliciana Parish"	42347	534.7	"SOUTH"	6.281706
"22039"	"LA"	"Evangeline Parish"	31736	144.1	"SOUTH"	4.970508
"22041"	"LA"	"Franklin Parish"	30105	117.6	"SOUTH"	4.767289
"22043"	"LA"	"Grant Parish"	38225	133.8	"SOUTH"	4.896346
"22045"	"LA"	"Iberia Parish"	40914	142.2	"SOUTH"	4.957234
"22047"	"LA"	"Iberville Parish"	40140	770	"SOUTH"	6.64639
"22049"	"LA"	"Jackson Parish"	36312	144.5	"SOUTH"	4.973279
"22051"	"LA"	"Jefferson Parish"	46500	407.4	"SOUTH"	6.009796
"22053"	"LA"	"Jefferson Davis Parish"	39246	182.1	"SOUTH"	5.204556
"22055"	"LA"	"Lafayette Parish"	48295	274.1	"SOUTH"	5.613493
"22057"	"LA"	"Lafourche Parish"	48436	121.2	"SOUTH"	4.797442
"22059"	"LA"	"La Salle Parish"	41563	309.4	"SOUTH"	5.734635
"22061"	"LA"	"Lincoln Parish"	36532	162.6	"SOUTH"	5.091293
"22063"	"LA"	"Livingston Parish"	53125	121.7	"SOUTH"	4.801559
"22065"	"LA"	"Madison Parish"	25565	572.1	"SOUTH"	6.349314
"22067"	"LA"	"Morehouse Parish"	29526	278.1	"SOUTH"	5.627981
"22069"	"LA"	"Natchitoches Parish"	32055	240.2	"SOUTH"	5.481472
"22071"	"LA"	"Orleans Parish"	36525	1834.3	"SOUTH"	7.514418
"22073"	"LA"	"Ouachita Parish"	37728	365	"SOUTH"	5.899898
"22075"	"LA"	"Plaquemines Parish"	49781	194.8	"SOUTH"	5.271974
"22077"	"LA"	"Pointe Coupee Parish"	41277	215.7	"SOUTH"	5.373888
"22079"	"LA"	"Rapides Parish"	39693	369.1	"SOUTH"	5.911067
"22081"	"LA"	"Red River Parish"	32711	104.1	"SOUTH"	4.645352
"22083"	"LA"	"Richland Parish"	32646	235.8	"SOUTH"	5.462984
"22085"	"LA"	"Sabine Parish"	36604	78.7	"SOUTH"	4.365643
"22087"	"LA"	"St. Bernard Parish"	38700	377.8	"SOUTH"	5.934365
"22089"	"LA"	"St. Charles Parish"	54553	174.5	"SOUTH"	5.161925
"22091"	"LA"	"St. Helena Parish"	32936	148.7	"SOUTH"	5.001931
"22093"	"LA"	"St. James Parish"	45829	299.8	"SOUTH"	5.703115
"22095"	"LA"	"St. John the Baptist Parish"	45987	282.1	"SOUTH"	5.642262
"22097"	"LA"	"St. Landry Parish"	33466	292.5	"SOUTH"	5.678465
"22099"	"LA"	"St. Martin Parish"	39444	187.4	"SOUTH"	5.233245
"22101"	"LA"	"St. Mary Parish"	40193	156.7	"SOUTH"	5.054333
"22103"	"LA"	"St. Tammany Parish"	59389	134.6	"SOUTH"	4.902308
"22105"	"LA"	"Tangipahoa Parish"	37454	252.7	"SOUTH"	5.532203
"22109"	"LA"	"Terrebonne Parish"	47847	171.3	"SOUTH"	5.143416
"22111"	"LA"	"Union Parish"	36863	113.1	"SOUTH"	4.728272
"22113"	"LA"	"Vermilion Parish"	43498	179.5	"SOUTH"	5.190175
"22115"	"LA"	"Vernon Parish"	43752	148.8	"SOUTH"	5.002603
"22117"	"LA"	"Washington Parish"	30950	381	"SOUTH"	5.9428
"22119"	"LA"	"Webster Parish"	35861	118.1	"SOUTH"	4.771532
"22121"	"LA"	"West Baton Rouge Parish"	46783	508.1	"SOUTH"	6.230678
"22123"	"LA"	"West Carroll Parish"	32143	210.1	"SOUTH"	5.347584
"22125"	"LA"	"West Feliciana Parish"	48917	885.6	"SOUTH"	6.786265
"22127"	"LA"	"Winn Parish"	33447	444.3	"SOUTH"	6.0965
"23001"	"ME"	"Androscoggin County"	41831	125.3	"NORTH"	4.830711
"23003"	"ME"	"Aroostook County"	36344	43.8	"NORTH"	3.779634
"23005"	"ME"	"Cumberland County"	57424	177.5	"NORTH"	5.178971
"23009"	"ME"	"Hancock County"	41106	73.3	"NORTH"	4.29456
"23011"	"ME"	"Kennebec County"	44725	113.3	"NORTH"	4.730039
"23013"	"ME"	"Knox County"	42593	80.6	"NORTH"	4.389499
"23015"	"ME"	"Lincoln County"	45520	51	"NORTH"	3.931826
"23017"	"ME"	"Oxford County"	38789	59.5	"NORTH"	4.085976
"23019"	"ME"	"Penobscot County"	42602	61	"NORTH"	4.110874
"23023"	"ME"	"Sagadahoc County"	52071	37.4	"NORTH"	3.621671
"23025"	"ME"	"Somerset County"	36249	55.7	"NORTH"	4.01998
"23027"	"ME"	"Waldo County"	37986	71.4	"NORTH"	4.268298
"23029"	"ME"	"Washington County"	32847	68.7	"NORTH"	4.229749
"23031"	"ME"	"York County"	54076	105.7	"NORTH"	4.660605
"25001"	"MA"	"Barnstable County"	54871	332.7	"NORTH"	5.807241
"25003"	"MA"	"Berkshire County"	44792	101.8	"NORTH"	4.62301
"25005"	"MA"	"Bristol County"	51361	243.4	"NORTH"	5.494706
"25007"	"MA"	"Dukes County"	56320	231.7	"NORTH"	5.445444
"25009"	"MA"	"Essex County"	61604	235	"NORTH"	5.459586
"25011"	"MA"	"Franklin County"	49361	102.5	"NORTH"	4.629863
"25013"	"MA"	"Hampden County"	46356	440.6	"NORTH"	6.088138
"25015"	"MA"	"Hampshire County"	57558	102.4	"NORTH"	4.628887
"25017"	"MA"	"Middlesex County"	75364	249.9	"NORTH"	5.521061
"25019"	"MA"	"Nantucket County"	67969	243.4	"NORTH"	5.494706
"25021"	"MA"	"Norfolk County"	79899	164.1	"NORTH"	5.100476
"25023"	"MA"	"Plymouth County"	71555	181.2	"NORTH"	5.199601
"25025"	"MA"	"Suffolk County"	49584	877.2	"NORTH"	6.776735
"25027"	"MA"	"Worcester County"	61079	244.1	"NORTH"	5.497578
"28001"	"MS"	"Adams County"	28587	307.7	"SOUTH"	5.729125
"28003"	"MS"	"Alcorn County"	33299	121.9	"SOUTH"	4.803201
"28005"	"MS"	"Amite County"	31799	191.2	"SOUTH"	5.25332
"28007"	"MS"	"Attala County"	29317	249.7	"SOUTH"	5.52026
"28009"	"MS"	"Benton County"	27586	235.9	"SOUTH"	5.463408
"28011"	"MS"	"Bolivar County"	28984	439.2	"SOUTH"	6.084955
"28013"	"MS"	"Calhoun County"	30281	79.2	"SOUTH"	4.371976
"28015"	"MS"	"Carroll County"	34436	267.6	"SOUTH"	5.589493
"28017"	"MS"	"Chickasaw County"	31702	181	"SOUTH"	5.198497
"28019"	"MS"	"Choctaw County"	31632	116.4	"SOUTH"	4.757032
"28021"	"MS"	"Claiborne County"	22750	275.4	"SOUTH"	5.618225
"28023"	"MS"	"Clarke County"	31999	349.9	"SOUTH"	5.857647
"28025"	"MS"	"Clay County"	30777	266.3	"SOUTH"	5.584623
"28027"	"MS"	"Coahoma County"	25719	747.9	"SOUTH"	6.61727
"28029"	"MS"	"Copiah County"	31275	382.9	"SOUTH"	5.947774
"28031"	"MS"	"Covington County"	32900	227.8	"SOUTH"	5.428468
"28033"	"MS"	"DeSoto County"	58979	170.8	"SOUTH"	5.140493
"28035"	"MS"	"Forrest County"	32555	497.6	"SOUTH"	6.209796
"28037"	"MS"	"Franklin County"	32375	134.3	"SOUTH"	4.900076
"28039"	"MS"	"George County"	43487	75.9	"SOUTH"	4.329417
"28041"	"MS"	"Greene County"	37348	64.2	"SOUTH"	4.162003
"28043"	"MS"	"Grenada County"	32715	443.6	"SOUTH"	6.094923
"28045"	"MS"	"Hancock County"	42255	164.7	"SOUTH"	5.104125
"28047"	"MS"	"Harrison County"	41522	354.9	"SOUTH"	5.871836
"28049"	"MS"	"Hinds County"	37265	1091.3	"SOUTH"	6.995125
"28051"	"MS"	"Holmes County"	22536	372.4	"SOUTH"	5.919969
"28053"	"MS"	"Humphreys County"	24205	395.6	"SOUTH"	5.980403
"28057"	"MS"	"Itawamba County"	37134	60.1	"SOUTH"	4.09601
"28059"	"MS"	"Jackson County"	45766	206.9	"SOUTH"	5.332236
"28061"	"MS"	"Jasper County"	32501	163.1	"SOUTH"	5.094364
"28063"	"MS"	"Jefferson County"	24671	455.1	"SOUTH"	6.120517
"28065"	"MS"	"Jefferson Davis County"	27988	354.1	"SOUTH"	5.869579
"28067"	"MS"	"Jones County"	35696	281.3	"SOUTH"	5.639422
"28069"	"MS"	"Kemper County"	27711	124.4	"SOUTH"	4.823502
"28071"	"MS"	"Lafayette County"	38725	185.9	"SOUTH"	5.225209
"28073"	"MS"	"Lamar County"	49742	56	"SOUTH"	4.025352
"28075"	"MS"	"Lauderdale County"	34199	379.2	"SOUTH"	5.938064
"28077"	"MS"	"Lawrence County"	36844	375.7	"SOUTH"	5.928791
"28079"	"MS"	"Leake County"	31672	167.3	"SOUTH"	5.119789
"28081"	"MS"	"Lee County"	41026	209.3	"SOUTH"	5.343769
"28083"	"MS"	"Leflore County"	26037	502.4	"SOUTH"	6.219397
"28085"	"MS"	"Lincoln County"	35523	151	"SOUTH"	5.01728
"28087"	"MS"	"Lowndes County"	35774	302.4	"SOUTH"	5.711751
"28089"	"MS"	"Madison County"	57089	253.1	"SOUTH"	5.533785
"28091"	"MS"	"Marion County"	31026	258.8	"SOUTH"	5.556056
"28093"	"MS"	"Marshall County"	35443	232.3	"SOUTH"	5.44803
"28095"	"MS"	"Monroe County"	34468	111.7	"SOUTH"	4.715816
"28097"	"MS"	"Montgomery County"	30197	329.6	"SOUTH"	5.79788
"28099"	"MS"	"Neshoba County"	34698	120.3	"SOUTH"	4.789989
"28101"	"MS"	"Newton County"	34123	247.9	"SOUTH"	5.513025
"28103"	"MS"	"Noxubee County"	24699	244.6	"SOUTH"	5.499624
"28105"	"MS"	"Oktibbeha County"	33008	144.8	"SOUTH"	4.975354
"28107"	"MS"	"Panola County"	32377	195.5	"SOUTH"	5.27556
"28109"	"MS"	"Pearl River County"	39424	198.1	"SOUTH"	5.288772
"28111"	"MS"	"Perry County"	34470	163.2	"SOUTH"	5.094976
"28113"	"MS"	"Pike County"	29601	336.1	"SOUTH"	5.817409
"28115"	"MS"	"Pontotoc County"	37493	86.5	"SOUTH"	4.460145
"28117"	"MS"	"Prentiss County"	33940	73.7	"SOUTH"	4.300003
"28119"	"MS"	"Quitman County"	25507	393.5	"SOUTH"	5.975081
"28121"	"MS"	"Rankin County"	51007	429.6	"SOUTH"	6.062855
"28123"	"MS"	"Scott County"	32711	346.8	"SOUTH"	5.848748
"28125"	"MS"	"Sharkey County"	24987	281.9	"SOUTH"	5.641552
"28127"	"MS"	"Simpson County"	34843	233.5	"SOUTH"	5.453182
"28129"	"MS"	"Smith County"	36912	96.2	"SOUTH"	4.566429
"28131"	"MS"	"Stone County"	37975	217	"SOUTH"	5.379897
"28133"	"MS"	"Sunflower County"	26921	721.1	"SOUTH"	6.580778
"28135"	"MS"	"Tallahatchie County"	27352	194.9	"SOUTH"	5.272487
"28137"	"MS"	"Tate County"	41465	100	"SOUTH"	4.60517
"28143"	"MS"	"Tunica County"	29808	709.2	"SOUTH"	6.564137
"28145"	"MS"	"Union County"	37403	127.1	"SOUTH"	4.844974
"28147"	"MS"	"Walthall County"	30278	214.3	"SOUTH"	5.367377
"28149"	"MS"	"Warren County"	37578	396.8	"SOUTH"	5.983432
"28151"	"MS"	"Washington County"	25559	478.3	"SOUTH"	6.170238
"28153"	"MS"	"Wayne County"	32355	129.7	"SOUTH"	4.865224
"28155"	"MS"	"Webster County"	32798	157.2	"SOUTH"	5.057519
"28157"	"MS"	"Wilkinson County"	27622	248.9	"SOUTH"	5.517051
"28159"	"MS"	"Winston County"	31021	127.6	"SOUTH"	4.8489
"28161"	"MS"	"Yalobusha County"	31644	237.5	"SOUTH"	5.470168
"28163"	"MS"	"Yazoo County"	28474	475.9	"SOUTH"	6.165208
"33001"	"NH"	"Belknap County"	53851	66.5	"NORTH"	4.197202
"33003"	"NH"	"Carroll County"	48236	46.2	"NORTH"	3.83298
"33005"	"NH"	"Cheshire County"	49126	65.5	"NORTH"	4.18205
"33007"	"NH"	"Coos County"	37708	49.3	"NORTH"	3.897924
"33009"	"NH"	"Grafton County"	50834	76.9	"NORTH"	4.342506
"33011"	"NH"	"Hillsborough County"	67650	147.1	"NORTH"	4.991113
"33013"	"NH"	"Merrimack County"	60932	113.2	"NORTH"	4.729156
"33015"	"NH"	"Rockingham County"	73402	81	"NORTH"	4.394449
"33017"	"NH"	"Strafford County"	52527	86.8	"NORTH"	4.463607
"33019"	"NH"	"Sullivan County"	50549	73.2	"NORTH"	4.293195
"34001"	"NJ"	"Atlantic County"	51457	627.4	"NORTH"	6.441584
"34003"	"NJ"	"Bergen County"	77059	226.9	"NORTH"	5.42451
"34005"	"NJ"	"Burlington County"	73788	214.2	"NORTH"	5.36691
"34007"	"NJ"	"Camden County"	56939	397.9	"NORTH"	5.986201
"34009"	"NJ"	"Cape May County"	51585	229.7	"NORTH"	5.436774
"34011"	"NJ"	"Cumberland County"	49964	641.9	"NORTH"	6.464433
"34013"	"NJ"	"Essex County"	52288	1524.5	"NORTH"	7.329422
"34015"	"NJ"	"Gloucester County"	70012	160.5	"NORTH"	5.078294
"34017"	"NJ"	"Hudson County"	53547	972.3	"NORTH"	6.879664
"34019"	"NJ"	"Hunterdon County"	97532	262.8	"NORTH"	5.571393
"34021"	"NJ"	"Mercer County"	70228	504.4	"NORTH"	6.22337
"34023"	"NJ"	"Middlesex County"	75890	289.6	"NORTH"	5.6685
"34025"	"NJ"	"Monmouth County"	80462	330.3	"NORTH"	5.800001
"34027"	"NJ"	"Morris County"	91403	188.4	"NORTH"	5.238567
"34029"	"NJ"	"Ocean County"	56924	120.3	"NORTH"	4.789989
"34031"	"NJ"	"Passaic County"	53363	632.2	"NORTH"	6.449206
"34033"	"NJ"	"Salem County"	55274	267.8	"NORTH"	5.59024
"34035"	"NJ"	"Somerset County"	93777	207.3	"NORTH"	5.334167
"34037"	"NJ"	"Sussex County"	81330	120.1	"NORTH"	4.788325
"34039"	"NJ"	"Union County"	65937	618.4	"NORTH"	6.427135
"34041"	"NJ"	"Warren County"	69658	120.7	"NORTH"	4.793308
"36001"	"NY"	"Albany County"	53783	418.6	"NORTH"	6.036916
"36003"	"NY"	"Allegany County"	41384	72.2	"NORTH"	4.27944
"36005"	"NY"	"Bronx County"	32674	2084	"NORTH"	7.642045
"36007"	"NY"	"Broome County"	43920	202.2	"NORTH"	5.309258
"36009"	"NY"	"Cattaraugus County"	41266	139.2	"NORTH"	4.935912
"36011"	"NY"	"Cayuga County"	48453	329.5	"NORTH"	5.797576
"36013"	"NY"	"Chautauqua County"	39981	209.5	"NORTH"	5.344724
"36015"	"NY"	"Chemung County"	46130	299.9	"NORTH"	5.703449
"36017"	"NY"	"Chenango County"	41418	108	"NORTH"	4.682131
"36019"	"NY"	"Clinton County"	44193	393.2	"NORTH"	5.974319
"36021"	"NY"	"Columbia County"	50620	273.2	"NORTH"	5.610204
"36023"	"NY"	"Cortland County"	41903	66.4	"NORTH"	4.195697
"36025"	"NY"	"Delaware County"	40252	131.9	"NORTH"	4.882044
"36027"	"NY"	"Dutchess County"	68831	465	"NORTH"	6.142037
"36029"	"NY"	"Erie County"	46773	251.5	"NORTH"	5.527443
"36031"	"NY"	"Essex County"	42053	365.4	"NORTH"	5.900993
"36033"	"NY"	"Franklin County"	41062	796.7	"NORTH"	6.680478
"36035"	"NY"	"Fulton County"	39939	142.7	"NORTH"	4.960744
"36037"	"NY"	"Genesee County"	47387	129.5	"NORTH"	4.863681
"36039"	"NY"	"Greene County"	45070	436.4	"NORTH"	6.078559
"36043"	"NY"	"Herkimer County"	42876	83.4	"NORTH"	4.423648
"36045"	"NY"	"Jefferson County"	43448	358.2	"NORTH"	5.881092
"36047"	"NY"	"Kings County"	42047	1311.6	"NORTH"	7.179003
"36049"	"NY"	"Lewis County"	41093	256.3	"NORTH"	5.546349
"36051"	"NY"	"Livingston County"	50094	322.6	"NORTH"	5.776413
"36053"	"NY"	"Madison County"	50270	66.2	"NORTH"	4.19268
"36055"	"NY"	"Monroe County"	49564	340.9	"NORTH"	5.831589
"36057"	"NY"	"Montgomery County"	40035	164.1	"NORTH"	5.100476
"36059"	"NY"	"Nassau County"	90294	254.6	"NORTH"	5.539694
"36061"	"NY"	"New York County"	63188	2391.2	"NORTH"	7.779551
"36063"	"NY"	"Niagara County"	44006	95	"NORTH"	4.553877
"36065"	"NY"	"Oneida County"	46409	371.3	"NORTH"	5.91701
"36067"	"NY"	"Onondaga County"	50298	236.6	"NORTH"	5.466371
"36069"	"NY"	"Ontario County"	53137	95.9	"NORTH"	4.563306
"36071"	"NY"	"Orange County"	65512	330.9	"NORTH"	5.801816
"36073"	"NY"	"Orleans County"	44783	1015.6	"NORTH"	6.923235
"36075"	"NY"	"Oswego County"	44371	84.5	"NORTH"	4.436751
"36077"	"NY"	"Otsego County"	42837	109.6	"NORTH"	4.696837
"36079"	"NY"	"Putnam County"	82585	144.2	"NORTH"	4.971201
"36081"	"NY"	"Queens County"	52486	862.6	"NORTH"	6.759951
"36083"	"NY"	"Rensselaer County"	51720	180	"NORTH"	5.192957
"36085"	"NY"	"Richmond County"	69163	488.8	"NORTH"	6.191953
"36087"	"NY"	"Rockland County"	79798	282	"NORTH"	5.641907
"36089"	"NY"	"St. Lawrence County"	40008	303.8	"NORTH"	5.71637
"36091"	"NY"	"Saratoga County"	65508	132	"NORTH"	4.882802
"36093"	"NY"	"Schenectady County"	52062	307.1	"NORTH"	5.727173
"36095"	"NY"	"Schoharie County"	47350	135.6	"NORTH"	4.909709
"36099"	"NY"	"Seneca County"	45961	474.4	"NORTH"	6.162051
"36101"	"NY"	"Steuben County"	45231	82.8	"NORTH"	4.416428
"36103"	"NY"	"Suffolk County"	81235	227.6	"NORTH"	5.42759
"36105"	"NY"	"Sullivan County"	43882	618.6	"NORTH"	6.427459
"36107"	"NY"	"Tioga County"	50043	77.9	"NORTH"	4.355426
"36109"	"NY"	"Tompkins County"	50156	150.1	"NORTH"	5.011302
"36111"	"NY"	"Ulster County"	51194	442.8	"NORTH"	6.093118
"36113"	"NY"	"Warren County"	50269	117.6	"NORTH"	4.767289
"36115"	"NY"	"Washington County"	46629	325.2	"NORTH"	5.784441
"36117"	"NY"	"Wayne County"	50213	164.8	"NORTH"	5.104733
"36119"	"NY"	"Westchester County"	76993	474.3	"NORTH"	6.16184
"36121"	"NY"	"Wyoming County"	46846	571.2	"NORTH"	6.347739
"36123"	"NY"	"Yates County"	43820	51.7	"NORTH"	3.945458
"37001"	"NC"	"Alamance County"	41519	250.2	"SOUTH"	5.522261
"37003"	"NC"	"Alexander County"	40441	97.9	"SOUTH"	4.583947
"37007"	"NC"	"Anson County"	32268	389.2	"SOUTH"	5.964093
"37009"	"NC"	"Ashe County"	31965	30.8	"SOUTH"	3.427515
"37011"	"NC"	"Avery County"	35568	57.5	"SOUTH"	4.051785
"37013"	"NC"	"Beaufort County"	38194	265.3	"SOUTH"	5.580861
"37015"	"NC"	"Bertie County"	30586	391.4	"SOUTH"	5.96973
"37017"	"NC"	"Bladen County"	31637	288.6	"SOUTH"	5.665041
"37019"	"NC"	"Brunswick County"	44186	141.6	"SOUTH"	4.953006
"37021"	"NC"	"Buncombe County"	42846	220.1	"SOUTH"	5.394082
"37023"	"NC"	"Burke County"	38541	102.6	"SOUTH"	4.630838
"37025"	"NC"	"Cabarrus County"	49355	159.5	"SOUTH"	5.072044
"37027"	"NC"	"Caldwell County"	36860	71.3	"SOUTH"	4.266896
"37029"	"NC"	"Camden County"	59522	162.7	"SOUTH"	5.091908
"37031"	"NC"	"Carteret County"	43356	95.3	"SOUTH"	4.55703
"37033"	"NC"	"Caswell County"	37115	228.2	"SOUTH"	5.430223
"37035"	"NC"	"Catawba County"	41782	138.6	"SOUTH"	4.931592
"37037"	"NC"	"Chatham County"	53958	182.5	"SOUTH"	5.20675
"37039"	"NC"	"Cherokee County"	32963	60.1	"SOUTH"	4.09601
"37041"	"NC"	"Chowan County"	36176	197	"SOUTH"	5.283204
"37043"	"NC"	"Clay County"	35314	104.9	"SOUTH"	4.653008
"37045"	"NC"	"Cleveland County"	38392	207.7	"SOUTH"	5.336095
"37047"	"NC"	"Columbus County"	32518	333.9	"SOUTH"	5.810842
"37049"	"NC"	"Craven County"	41791	341	"SOUTH"	5.831882
"37051"	"NC"	"Cumberland County"	43356	450.7	"SOUTH"	6.110802
"37053"	"NC"	"Currituck County"	53939	114.6	"SOUTH"	4.741448
"37055"	"NC"	"Dare County"	50203	135.3	"SOUTH"	4.907495
"37057"	"NC"	"Davidson County"	40618	167.1	"SOUTH"	5.118592
"37059"	"NC"	"Davie County"	46957	81.1	"SOUTH"	4.395683
"37061"	"NC"	"Duplin County"	34672	336	"SOUTH"	5.817111
"37063"	"NC"	"Durham County"	48023	645.2	"SOUTH"	6.46956
"37065"	"NC"	"Edgecombe County"	33146	636.6	"SOUTH"	6.456141
"37067"	"NC"	"Forsyth County"	44443	437.7	"SOUTH"	6.081534
"37069"	"NC"	"Franklin County"	45592	209	"SOUTH"	5.342334
"37071"	"NC"	"Gaston County"	40332	285.7	"SOUTH"	5.654943
"37073"	"NC"	"Gates County"	43010	110.8	"SOUTH"	4.707727
"37077"	"NC"	"Granville County"	45828	380.5	"SOUTH"	5.941486
"37079"	"NC"	"Greene County"	38428	393.5	"SOUTH"	5.975081
"37081"	"NC"	"Guilford County"	42415	461.9	"SOUTH"	6.135348
"37083"	"NC"	"Halifax County"	30861	314.6	"SOUTH"	5.751302
"37085"	"NC"	"Harnett County"	40956	207.9	"SOUTH"	5.337057
"37087"	"NC"	"Haywood County"	39987	97.1	"SOUTH"	4.575741
"37089"	"NC"	"Henderson County"	43589	87.4	"SOUTH"	4.470495
"37091"	"NC"	"Hertford County"	32410	611	"SOUTH"	6.415097
"37093"	"NC"	"Hoke County"	43679	377.9	"SOUTH"	5.934629
"37095"	"NC"	"Hyde County"	35206	337.8	"SOUTH"	5.822454
"37097"	"NC"	"Iredell County"	46576	95.9	"SOUTH"	4.563306
"37099"	"NC"	"Jackson County"	36741	82.7	"SOUTH"	4.41522
"37101"	"NC"	"Johnston County"	46922	225	"SOUTH"	5.416101
"37103"	"NC"	"Jones County"	38578	311.9	"SOUTH"	5.742682
"37105"	"NC"	"Lee County"	41999	304.5	"SOUTH"	5.718671
"37107"	"NC"	"Lenoir County"	36455	484.6	"SOUTH"	6.183324
"37109"	"NC"	"Lincoln County"	45332	69.4	"SOUTH"	4.239887
"37111"	"NC"	"McDowell County"	34383	91.4	"SOUTH"	4.515245
"37113"	"NC"	"Macon County"	36229	95.1	"SOUTH"	4.554929
"37115"	"NC"	"Madison County"	36158	77.7	"SOUTH"	4.352855
"37117"	"NC"	"Martin County"	34814	329.1	"SOUTH"	5.796361
"37119"	"NC"	"Mecklenburg County"	52363	595.7	"SOUTH"	6.389737
"37121"	"NC"	"Mitchell County"	35032	118.9	"SOUTH"	4.778283
"37123"	"NC"	"Montgomery County"	34608	181.2	"SOUTH"	5.199601
"37125"	"NC"	"Moore County"	47705	175.6	"SOUTH"	5.168209
"37127"	"NC"	"Nash County"	42315	323.2	"SOUTH"	5.778271
"37129"	"NC"	"New Hanover County"	46129	336.6	"SOUTH"	5.818895
"37131"	"NC"	"Northampton County"	32168	382.1	"SOUTH"	5.945683
"37133"	"NC"	"Onslow County"	41969	153.9	"SOUTH"	5.036303
"37135"	"NC"	"Orange County"	51434	247.5	"SOUTH"	5.511411
"37137"	"NC"	"Pamlico County"	41442	204.7	"SOUTH"	5.321546
"37139"	"NC"	"Pasquotank County"	39381	281.5	"SOUTH"	5.640132
"37141"	"NC"	"Pender County"	43573	135.3	"SOUTH"	4.907495
"37143"	"NC"	"Perquimans County"	40772	265.3	"SOUTH"	5.580861
"37145"	"NC"	"Person County"	42621	202.7	"SOUTH"	5.311727
"37147"	"NC"	"Pitt County"	39519	340	"SOUTH"	5.828946
"37149"	"NC"	"Polk County"	44756	107.5	"SOUTH"	4.677491
"37151"	"NC"	"Randolph County"	39648	123.3	"SOUTH"	4.81462
"37153"	"NC"	"Richmond County"	31568	310.8	"SOUTH"	5.73915
"37155"	"NC"	"Robeson County"	30627	354.1	"SOUTH"	5.869579
"37157"	"NC"	"Rockingham County"	38063	157.9	"SOUTH"	5.061962
"37159"	"NC"	"Rowan County"	38658	283.8	"SOUTH"	5.64827
"37161"	"NC"	"Rutherford County"	35057	81.3	"SOUTH"	4.398146
"37163"	"NC"	"Sampson County"	37047	266.4	"SOUTH"	5.584999
"37165"	"NC"	"Scotland County"	31805	401.6	"SOUTH"	5.995457
"37167"	"NC"	"Stanly County"	42854	137	"SOUTH"	4.919981
"37169"	"NC"	"Stokes County"	43178	81.3	"SOUTH"	4.398146
"37171"	"NC"	"Surry County"	36622	85.9	"SOUTH"	4.453184
"37173"	"NC"	"Swain County"	36109	99.4	"SOUTH"	4.599152
"37175"	"NC"	"Transylvania County"	40652	93.8	"SOUTH"	4.541165
"37177"	"NC"	"Tyrrell County"	31732	202.6	"SOUTH"	5.311234
"37179"	"NC"	"Union County"	64486	110.4	"SOUTH"	4.70411
"37181"	"NC"	"Vance County"	34000	434.3	"SOUTH"	6.073736
"37183"	"NC"	"Wake County"	61594	364	"SOUTH"	5.897154
"37185"	"NC"	"Warren County"	32574	226.7	"SOUTH"	5.423627
"37187"	"NC"	"Washington County"	33293	415.5	"SOUTH"	6.029483
"37189"	"NC"	"Watauga County"	38923	62.3	"SOUTH"	4.131961
"37191"	"NC"	"Wayne County"	40274	388	"SOUTH"	5.961005
"37193"	"NC"	"Wilkes County"	34886	75	"SOUTH"	4.317488
"37195"	"NC"	"Wilson County"	36645	460.1	"SOUTH"	6.131444
"37197"	"NC"	"Yadkin County"	41095	79.4	"SOUTH"	4.374498
"37199"	"NC"	"Yancey County"	36934	62.6	"SOUTH"	4.136765
"44001"	"RI"	"Bristol County"	60631	54.4	"NORTH"	3.996364
"44003"	"RI"	"Kent County"	54665	81.6	"NORTH"	4.401829
"44005"	"RI"	"Newport County"	67431	131.9	"NORTH"	4.882044
"44007"	"RI"	"Providence County"	45572	312.3	"NORTH"	5.743964
"44009"	"RI"	"Washington County"	67195	56.6	"NORTH"	4.036009
"45001"	"SC"	"Abbeville County"	34658	216.3	"SOUTH"	5.376667
"45003"	"SC"	"Aiken County"	43196	298.5	"SOUTH"	5.69877
"45005"	"SC"	"Allendale County"	24615	683	"SOUTH"	6.526495
"45007"	"SC"	"Anderson County"	38851	172.5	"SOUTH"	5.150397
"45009"	"SC"	"Bamberg County"	29101	699.9	"SOUTH"	6.550938
"45011"	"SC"	"Barnwell County"	30898	593.8	"SOUTH"	6.386543
"45013"	"SC"	"Beaufort County"	55266	252.9	"SOUTH"	5.532994
"45015"	"SC"	"Berkeley County"	49284	180	"SOUTH"	5.192957
"45017"	"SC"	"Calhoun County"	37507	256.5	"SOUTH"	5.547129
"45019"	"SC"	"Charleston County"	46187	520.7	"SOUTH"	6.255174
"45021"	"SC"	"Cherokee County"	35223	140.8	"SOUTH"	4.94734
"45023"	"SC"	"Chester County"	34908	248.1	"SOUTH"	5.513832
"45025"	"SC"	"Chesterfield County"	32483	205	"SOUTH"	5.32301
"45027"	"SC"	"Clarendon County"	30913	442.4	"SOUTH"	6.092215
"45029"	"SC"	"Colleton County"	32446	399.7	"SOUTH"	5.990714
"45031"	"SC"	"Darlington County"	33772	356.1	"SOUTH"	5.875212
"45033"	"SC"	"Dillon County"	28665	425.3	"SOUTH"	6.052795
"45035"	"SC"	"Dorchester County"	51132	215	"SOUTH"	5.370638
"45037"	"SC"	"Edgefield County"	41501	469.1	"SOUTH"	6.150816
"45039"	"SC"	"Fairfield County"	32261	384.2	"SOUTH"	5.951163
"45041"	"SC"	"Florence County"	38914	548.1	"SOUTH"	6.306458
"45043"	"SC"	"Georgetown County"	38340	384	"SOUTH"	5.950643
"45045"	"SC"	"Greenville County"	45666	259.9	"SOUTH"	5.560297
"45047"	"SC"	"Greenwood County"	35619	329.7	"SOUTH"	5.798183
"45049"	"SC"	"Hampton County"	33367	593.5	"SOUTH"	6.386037
"45051"	"SC"	"Horry County"	40697	295.2	"SOUTH"	5.687653
"45053"	"SC"	"Jasper County"	35533	430.9	"SOUTH"	6.065876
"45055"	"SC"	"Kershaw County"	42174	297.8	"SOUTH"	5.696422
"45057"	"SC"	"Lancaster County"	38312	207.4	"SOUTH"	5.334649
"45059"	"SC"	"Laurens County"	36345	240.4	"SOUTH"	5.482304
"45061"	"SC"	"Lee County"	29756	644.8	"SOUTH"	6.46894
"45063"	"SC"	"Lexington County"	51523	258.7	"SOUTH"	5.555669
"45065"	"SC"	"McCormick County"	34963	597.4	"SOUTH"	6.392587
"45067"	"SC"	"Marion County"	27917	523.4	"SOUTH"	6.260346
"45069"	"SC"	"Marlboro County"	28630	419	"SOUTH"	6.037871
"45071"	"SC"	"Newberry County"	39054	268.8	"SOUTH"	5.593967
"45073"	"SC"	"Oconee County"	42671	66.6	"SOUTH"	4.198705
"45075"	"SC"	"Orangeburg County"	32699	580	"SOUTH"	6.363028
"45077"	"SC"	"Pickens County"	40110	88.8	"SOUTH"	4.486387
"45079"	"SC"	"Richland County"	45944	859.6	"SOUTH"	6.756467
"45081"	"SC"	"Saluda County"	39570	218.8	"SOUTH"	5.388158
"45083"	"SC"	"Spartanburg County"	41888	240.2	"SOUTH"	5.481472
"45085"	"SC"	"Sumter County"	36554	644	"SOUTH"	6.467699
"45087"	"SC"	"Union County"	34125	234.5	"SOUTH"	5.457456
"45089"	"SC"	"Williamsburg County"	28083	676.7	"SOUTH"	6.517228
"45091"	"SC"	"York County"	51403	224	"SOUTH"	5.411646
"47001"	"TN"	"Anderson County"	45917	94.5	"SOUTH"	4.5486
"47003"	"TN"	"Bedford County"	39057	78.9	"SOUTH"	4.368181
"47005"	"TN"	"Benton County"	32346	60.1	"SOUTH"	4.09601
"47007"	"TN"	"Bledsoe County"	33366	71.7	"SOUTH"	4.272491
"47009"	"TN"	"Blount County"	41736	87.2	"SOUTH"	4.468204
"47011"	"TN"	"Bradley County"	38558	138.1	"SOUTH"	4.927978
"47013"	"TN"	"Campbell County"	31699	42.6	"SOUTH"	3.751854
"47015"	"TN"	"Cannon County"	36246	146.5	"SOUTH"	4.987025
"47017"	"TN"	"Carroll County"	34566	99.5	"SOUTH"	4.600158
"47019"	"TN"	"Carter County"	31145	92.5	"SOUTH"	4.527209
"47021"	"TN"	"Cheatham County"	51106	197.9	"SOUTH"	5.287762
"47023"	"TN"	"Chester County"	39492	48.1	"SOUTH"	3.873282
"47025"	"TN"	"Claiborne County"	29227	24.8	"SOUTH"	3.210844
"47027"	"TN"	"Clay County"	28014	74.8	"SOUTH"	4.314818
"47029"	"TN"	"Cocke County"	28832	77.6	"SOUTH"	4.351567
"47031"	"TN"	"Coffee County"	39321	90.8	"SOUTH"	4.508659
"47033"	"TN"	"Crockett County"	37945	58.9	"SOUTH"	4.075841
"47035"	"TN"	"Cumberland County"	36214	38.4	"SOUTH"	3.648057
"47037"	"TN"	"Davidson County"	43825	745.7	"SOUTH"	6.614323
"47039"	"TN"	"Decatur County"	35134	95.6	"SOUTH"	4.560173
"47041"	"TN"	"DeKalb County"	35726	158.3	"SOUTH"	5.064492
"47043"	"TN"	"Dickson County"	43353	110.2	"SOUTH"	4.702297
"47045"	"TN"	"Dyer County"	36735	72.5	"SOUTH"	4.283587
"47047"	"TN"	"Fayette County"	53935	202.1	"SOUTH"	5.308763
"47049"	"TN"	"Fentress County"	29088	33	"SOUTH"	3.496508
"47051"	"TN"	"Franklin County"	40247	48.6	"SOUTH"	3.883624
"47053"	"TN"	"Gibson County"	35711	124.8	"SOUTH"	4.826713
"47055"	"TN"	"Giles County"	35466	116.4	"SOUTH"	4.757032
"47057"	"TN"	"Grainger County"	33291	67.2	"SOUTH"	4.207673
"47059"	"TN"	"Greene County"	34649	73.3	"SOUTH"	4.29456
"47061"	"TN"	"Grundy County"	27494	65.9	"SOUTH"	4.188138
"47063"	"TN"	"Hamblen County"	38711	81	"SOUTH"	4.394449
"47065"	"TN"	"Hamilton County"	44132	326	"SOUTH"	5.786897
"47069"	"TN"	"Hardeman County"	31747	188.3	"SOUTH"	5.238037
"47071"	"TN"	"Hardin County"	31883	115.7	"SOUTH"	4.751
"47073"	"TN"	"Hawkins County"	37164	49.7	"SOUTH"	3.906005
"47075"	"TN"	"Haywood County"	34310	573.5	"SOUTH"	6.351758
"47077"	"TN"	"Henderson County"	36347	78.3	"SOUTH"	4.360548
"47079"	"TN"	"Henry County"	36247	88.5	"SOUTH"	4.483003
"47081"	"TN"	"Hickman County"	35948	73.6	"SOUTH"	4.298645
"47083"	"TN"	"Houston County"	35739	85.2	"SOUTH"	4.445002
"47085"	"TN"	"Humphreys County"	38300	31.1	"SOUTH"	3.437208
"47087"	"TN"	"Jackson County"	31093	77.5	"SOUTH"	4.350278
"47089"	"TN"	"Jefferson County"	37279	56.8	"SOUTH"	4.039536
"47091"	"TN"	"Johnson County"	29219	94.5	"SOUTH"	4.5486
"47093"	"TN"	"Knox County"	44074	239.7	"SOUTH"	5.479388
"47095"	"TN"	"Lake County"	27142	187	"SOUTH"	5.231109
"47097"	"TN"	"Lauderdale County"	32741	365.7	"SOUTH"	5.901814
"47099"	"TN"	"Lawrence County"	34637	87.3	"SOUTH"	4.46935
"47103"	"TN"	"Lincoln County"	41022	76.1	"SOUTH"	4.332048
"47105"	"TN"	"Loudon County"	47206	63.8	"SOUTH"	4.155753
"47107"	"TN"	"McMinn County"	38183	103	"SOUTH"	4.634729
"47109"	"TN"	"McNairy County"	33139	49.9	"SOUTH"	3.910021
"47111"	"TN"	"Macon County"	33036	48.2	"SOUTH"	3.875359
"47113"	"TN"	"Madison County"	40670	261.2	"SOUTH"	5.565286
"47115"	"TN"	"Marion County"	37672	117.6	"SOUTH"	4.767289
"47117"	"TN"	"Marshall County"	40052	90.6	"SOUTH"	4.506454
"47119"	"TN"	"Maury County"	45445	151.3	"SOUTH"	5.019265
"47121"	"TN"	"Meigs County"	36584	98.3	"SOUTH"	4.588024
"47123"	"TN"	"Monroe County"	35833	79.6	"SOUTH"	4.377014
"47125"	"TN"	"Montgomery County"	47258	158.2	"SOUTH"	5.06386
"47129"	"TN"	"Morgan County"	35322	135.4	"SOUTH"	4.908233
"47131"	"TN"	"Obion County"	38530	107.1	"SOUTH"	4.673763
"47135"	"TN"	"Perry County"	31486	104.7	"SOUTH"	4.651099
"47139"	"TN"	"Polk County"	35083	84.8	"SOUTH"	4.440296
"47141"	"TN"	"Putnam County"	35225	89.7	"SOUTH"	4.496471
"47143"	"TN"	"Rhea County"	36308	58.9	"SOUTH"	4.075841
"47145"	"TN"	"Roane County"	42620	56	"SOUTH"	4.025352
"47147"	"TN"	"Robertson County"	51074	163.7	"SOUTH"	5.098035
"47149"	"TN"	"Rutherford County"	51815	155.1	"SOUTH"	5.04407
"47151"	"TN"	"Scott County"	29792	44.4	"SOUTH"	3.793239
"47153"	"TN"	"Sequatchie County"	38082	50.2	"SOUTH"	3.916015
"47155"	"TN"	"Sevier County"	39349	107.7	"SOUTH"	4.679349
"47157"	"TN"	"Shelby County"	43859	848.5	"SOUTH"	6.74347
"47159"	"TN"	"Smith County"	39330	120.9	"SOUTH"	4.794964
"47163"	"TN"	"Sullivan County"	36337	91.5	"SOUTH"	4.516339
"47165"	"TN"	"Sumner County"	48502	112.9	"SOUTH"	4.726502
"47167"	"TN"	"Tipton County"	47824	161.1	"SOUTH"	5.082026
"47169"	"TN"	"Trousdale County"	35824	168	"SOUTH"	5.123964
"47171"	"TN"	"Unicoi County"	35976	56.2	"SOUTH"	4.028917
"47173"	"TN"	"Union County"	32533	44.2	"SOUTH"	3.788725
"47175"	"TN"	"Van Buren County"	31455	106.1	"SOUTH"	4.664382
"47177"	"TN"	"Warren County"	33265	116.4	"SOUTH"	4.757032
"47179"	"TN"	"Washington County"	41702	163.2	"SOUTH"	5.094976
"47181"	"TN"	"Wayne County"	32334	101.1	"SOUTH"	4.61611
"47183"	"TN"	"Weakley County"	34782	39.5	"SOUTH"	3.676301
"47185"	"TN"	"White County"	33251	63.4	"SOUTH"	4.149464
"47187"	"TN"	"Williamson County"	82273	82.5	"SOUTH"	4.412798
"47189"	"TN"	"Wilson County"	56270	99.7	"SOUTH"	4.602166
"50001"	"VT"	"Addison County"	51967	62.2	"NORTH"	4.130355
"50003"	"VT"	"Bennington County"	47161	63.5	"NORTH"	4.15104
"50005"	"VT"	"Caledonia County"	40219	45.9	"NORTH"	3.826465
"50007"	"VT"	"Chittenden County"	56016	107.7	"NORTH"	4.679349
"50011"	"VT"	"Franklin County"	51296	72.5	"NORTH"	4.283587
"50013"	"VT"	"Grand Isle County"	54907	120.1	"NORTH"	4.788325
"50015"	"VT"	"Lamoille County"	47994	44.3	"NORTH"	3.790985
"50017"	"VT"	"Orange County"	48008	49.6	"NORTH"	3.903991
"50021"	"VT"	"Rutland County"	43600	66.7	"NORTH"	4.200205
"50023"	"VT"	"Washington County"	51334	61.4	"NORTH"	4.11741
"50025"	"VT"	"Windham County"	43045	103.7	"NORTH"	4.641502
"50027"	"VT"	"Windsor County"	48804	64.8	"NORTH"	4.171306
